<CompuCell3D version="3.6.0">
   
   <!-- Basic properties of CPM (GGH) algorithm -->
   <Potts>
      <Dimensions x="320" y="320" z="1"/>
      <Steps>760</Steps>
      <Temperature>10.0</Temperature>
      <NeighborOrder>2</NeighborOrder>
   </Potts>
   
   <!-- Listing all cell types in the simulation -->
   <Plugin Name="CellType">
      <CellType TypeId="0" TypeName="Medium"/>
      <CellType TypeId="1" TypeName="Fastgrowing"/>
      <CellType TypeId="2" TypeName="Slowgrowing"/>
      <CellType TypeId="3" TypeName="Vessel" Freeze=""/>
      <CellType TypeId="4" TypeName="Tcell"/>
      <CellType TypeId="5" TypeName="RestingMac"/>
      <CellType TypeId="6" TypeName="ActiveMac"/>
      <CellType TypeId="7" TypeName="InfectedMac"/>
      <CellType TypeId="8" TypeName="ChronInfectedMac"/>
      
   </Plugin>
   
   <!-- Constraint on cell volume. Each cell has different constraint - constraints have to be initialized and managed in Python -->
   <Plugin Name="VolumeLocalFlex"/>
   
   <!-- Module tracking center of mass of each cell -->
   <Plugin Name="CenterOfMass"/>
   
   <Plugin Name="NeighborTracker"/>
   
   <Plugin Name="PixelTracker"/>
   
   <!-- Specification of adhesion energies -->
   <Plugin Name="Contact">
      <Energy Type1="Medium" Type2="Medium">0</Energy>
      <Energy Type1="Medium" Type2="Fastgrowing">10</Energy>
      <Energy Type1="Medium" Type2="Slowgrowing">10</Energy>
      <Energy Type1="Medium" Type2="Vessel">0</Energy>
      <Energy Type1="Medium" Type2="Tcell">10</Energy>
      <Energy Type1="Medium" Type2="RestingMac">10</Energy>
      <Energy Type1="Medium" Type2="ActiveMac">10</Energy>
      <Energy Type1="Medium" Type2="InfectedMac">10</Energy>
      <Energy Type1="Medium" Type2="ChronInfectedMac">10</Energy>
      <Energy Type1="Fastgrowing" Type2="Fastgrowing">10</Energy>
      <Energy Type1="Fastgrowing" Type2="Slowgrowing">10</Energy>
      <Energy Type1="Fastgrowing" Type2="Vessel">10</Energy>
      <Energy Type1="Fastgrowing" Type2="Tcell">10</Energy>
      <Energy Type1="Fastgrowing" Type2="RestingMac">10</Energy>
      <Energy Type1="Fastgrowing" Type2="ActiveMac">10</Energy>
      <Energy Type1="Fastgrowing" Type2="InfectedMac">10</Energy>
      <Energy Type1="Fastgrowing" Type2="ChronInfectedMac">10</Energy>
      <Energy Type1="Slowgrowing" Type2="Slowgrowing">10</Energy>
      <Energy Type1="Slowgrowing" Type2="Vessel">10</Energy>
      <Energy Type1="Slowgrowing" Type2="Tcell">10</Energy>
      <Energy Type1="Slowgrowing" Type2="RestingMac">10</Energy>
      <Energy Type1="Slowgrowing" Type2="InfectedMac">10</Energy>
      <Energy Type1="Slowgrowing" Type2="ActiveMac">10</Energy>
      <Energy Type1="Slowgrowing" Type2="ChronInfectedMac">10</Energy>
      <Energy Type1="Vessel" Type2="Vessel">5</Energy>
      <Energy Type1="Vessel" Type2="Tcell">5</Energy>
      <Energy Type1="Vessel" Type2="RestingMac">5</Energy>
      <Energy Type1="Vessel" Type2="ActiveMac">5</Energy>
      <Energy Type1="Vessel" Type2="InfectedMac">5</Energy>
      <Energy Type1="Vessel" Type2="ChronInfectedMac">5</Energy>
      <Energy Type1="Tcell" Type2="Tcell">10</Energy>
      <Energy Type1="Tcell" Type2="ActiveMac">10</Energy>
      <Energy Type1="Tcell" Type2="RestingMac">10</Energy>
      <Energy Type1="Tcell" Type2="InfectedMac">10</Energy>
      <Energy Type1="Tcell" Type2="ChronInfectedMac">10</Energy>
      <Energy Type1="RestingMac" Type2="RestingMac">10</Energy>
      <Energy Type1="RestingMac" Type2="ActiveMac">10</Energy>
      <Energy Type1="RestingMac" Type2="InfectedMac">10</Energy>
      <Energy Type1="RestingMac" Type2="ChronInfectedMac">10</Energy>
      <Energy Type1="ActiveMac" Type2="ActiveMac">10</Energy>
      <Energy Type1="ActiveMac" Type2="InfectedMac">10</Energy>
      <Energy Type1="ActiveMac" Type2="ChronInfectedMac">10</Energy>
      <Energy Type1="ChronInfectedMac" Type2="InfectedMac">10</Energy>
      <Energy Type1="ChronInfectedMac" Type2="ChronInfectedMac">10</Energy>
      <Energy Type1="InfectedMac" Type2="InfectedMac">10</Energy>
      <NeighborOrder>2</NeighborOrder>
   </Plugin>
   
   <Steppable Type="FlexibleDiffusionSolverFE">  
   <DiffusionField>
         <DiffusionData>
            <FieldName>Oxygen</FieldName>
            <DiffusionConstant>1</DiffusionConstant>
            <DecayConstant>0.1</DecayConstant>
            <!-- Additional options are: -->
            <!-- <DoNotDiffuseTo>LIST YOUR CELL TYPES HERE</DoNotDiffuseTo> -->
            <DoNotDecayIn>Medium</DoNotDecayIn>
            <DoNotDecayIn>Vessel</DoNotDecayIn>
            <InitialConcentrationExpression>0</InitialConcentrationExpression> 
            <!--ConcentrationFileName>Simulation/InitialCA2.txt</ConcentrationFileName--> 
            <!-- To run solver for large diffusion constants you typically call solver multiple times - ExtraTimesPerMCS to specify additional calls to the solver in each MCS  -->
            <!-- IMPORTANT: make sure not to mix this setting with the PDESolverCaller module! See manual for more information -->
            <ExtraTimesPerMCS>1000</ExtraTimesPerMCS>
            <DeltaX>0.2</DeltaX>
            <DeltaT>0.001</DeltaT>
         </DiffusionData>
         <SecretionData>
             <Secretion Type="Vessel">15</Secretion>
         </SecretionData>
      </DiffusionField>
   
   <DiffusionField>
         <DiffusionData>
            <FieldName>Chemo1</FieldName>
            <DiffusionConstant>0.75</DiffusionConstant>
            <DecayConstant>0.35</DecayConstant>
            <!-- Additional options are: -->
            <!-- <DoNotDiffuseTo>LIST YOUR CELL TYPES HERE</DoNotDiffuseTo> -->
           <!-- <DoNotDecayIn>Medium</DoNotDecayIn> -->
            <!-- <DoNotDecayIn>Vessel</DoNotDecayIn> -->
            <!--InitialConcentrationExpression>100</InitialConcentrationExpression> -->
            <!--ConcentrationFileName>Simulation/InitialCA2.txt</ConcentrationFileName--> 
            <!-- To run solver for large diffusion constants you typically call solver multiple times - ExtraTimesPerMCS to specify additional calls to the solver in each MCS  -->
            <!-- IMPORTANT: make sure not to mix this setting with the PDESolverCaller module! See manual for more information -->
            <ExtraTimesPerMCS>1000</ExtraTimesPerMCS>
            <DeltaX>0.2</DeltaX>
            <DeltaT>0.001</DeltaT>
         </DiffusionData>
         <SecretionData>
             <Secretion Type="Vessel">0</Secretion>
         </SecretionData>
      </DiffusionField>
      
      <DiffusionField>
         <DiffusionData>
            <FieldName>Chemokine</FieldName>
            <DiffusionConstant>0.8</DiffusionConstant>
            <DecayConstant>0</DecayConstant>
            <ExtraTimesPerMCS>1000</ExtraTimesPerMCS>
            <DeltaX>0.2</DeltaX>
            <DeltaT>0.001</DeltaT>
         </DiffusionData>
         <SecretionData>
             <Secretion Type="Vessel">15</Secretion>
         </SecretionData>
      </DiffusionField>
   

</Steppable>

   

   
   <!-- chemotaxis of immune cells towards chemokine gradient -->
   <Plugin Name="Chemotaxis">        <ChemicalField Source="FlexibleDiffusionSolverFE" Name="Chemokine"> 
        <ChemotaxisByType Type="Tcell" Lambda="10"/>
        <ChemotaxisByType Type="RestingMac" Lambda="10"/>
        <ChemotaxisByType Type="ActiveMac" Lambda="10"/>
        <ChemotaxisByType Type="InfectedMac" Lambda="10"/>
        <ChemotaxisByType Type="ChronInfectedMac" Lambda="10"/>        </ChemicalField> 
   </Plugin>
   
   
   <!-- Initial layout of cells in the form of spherical (circular in 2D) blob -->
   <!--Steppable Type="BlobInitializer">
      <Region>
         <Center x="150" y="150" z="1"/>
         <Radius>5</Radius>
         <Gap>0</Gap>
         <Width>5</Width>
         <Types>Fastgrowing,Slowgrowing</Types>
      </Region>
   </Steppable-->
   
    <Steppable Type="PIFInitializer">
      <!--PIFName>Simulation/InitialCA_new.piff</PIFName-->
      <PIFName>Simulation/tbpiff.piff</PIFName>
      <!--PIFName>Simulation/host_tumour4.piff</PIFName-->
    </Steppable>
    
</CompuCell3D>
